"cities_id","cities_name","cities_class","cities_caton","cities_kml","cities_population","cities_win_score","users_id","cities_win_dt"
"ALLOUVILLEBELLEFOSSE","ALLOUVILLE-BELLEFOSSE","MEDIUM",NULL,NULL,1200,NULL,NULL,NULL
"ALVIMARE","ALVIMARE","SMALL",NULL,NULL,500,NULL,NULL,NULL
"AMBRUMESNIL","AMBRUMESNIL","SMALL",NULL,NULL,500,NULL,NULL,NULL
"AMFREVILLECHAMPS","AMFREVILLE-LES-CHAMPS","SMALL",NULL,NULL,200,NULL,NULL,NULL
"AMFREVILLEMIVOIE","AMFREVILLE-LA-MI-VOIE","MEDIUM",NULL,NULL,3100,NULL,NULL,NULL
"ANCEAUMEVILLE","ANCEAUMEVILLE","SMALL",NULL,NULL,700,NULL,NULL,NULL
"ANCOURT","ANCOURT","SMALL",NULL,NULL,700,NULL,NULL,NULL
"ANCOURTEVILLESURHERICOURT","ANCOURTEVILLE-SUR-HERICOURT","SMALL",NULL,NULL,200,NULL,NULL,NULL
"ANCRETIEVILLESAINTVICTOR","ANCRETIEVILLE-SAINT-VICTOR","SMALL",NULL,NULL,400,NULL,NULL,NULL
"ANCRETTEVILLESURMER","ANCRETTEVILLE-SUR-MER","SMALL",NULL,NULL,200,NULL,NULL,NULL
"ANGERVILLEBAILLEUL","ANGERVILLE-BAILLEUL","SMALL",NULL,NULL,200,NULL,NULL,NULL
"ANGERVILLEMARTEL","ANGERVILLE-LA-MARTEL","SMALL",NULL,NULL,900,NULL,NULL,NULL
"ANGIENS","ANGIENS","SMALL",NULL,NULL,600,NULL,NULL,NULL
"ANGLESQUEVILLEBRASLONG","ANGLESQUEVILLE-LA-BRAS-LONG","SMALL",NULL,NULL,100,NULL,NULL,NULL
"ANNEVILLEAMBOURVILLE","ANNEVILLE-AMBOURVILLE","MEDIUM",NULL,NULL,1200,NULL,NULL,NULL
"ANNEVILLESURSCIE","ANNEVILLE-SUR-SCIE","SMALL",NULL,NULL,500,NULL,NULL,NULL
"ANNOUVILLEVILMESNIL","ANNOUVILLE-VILMESNIL","SMALL",NULL,NULL,500,NULL,NULL,NULL
"ANQUETIERVILLE","ANQUETIERVILLE","SMALL",NULL,NULL,400,NULL,NULL,NULL
"ANVEVILLE","ANVEVILLE","SMALL",NULL,NULL,300,NULL,NULL,NULL
"ARDOUVAL","ARDOUVAL","SMALL",NULL,NULL,200,NULL,NULL,NULL
"ARGUEIL","ARGUEIL","SMALL",NULL,NULL,300,NULL,NULL,NULL
"ARQUESBATAILLE","ARQUES-LA-BATAILLE","MEDIUM",NULL,NULL,2500,NULL,NULL,NULL
"ASSIGNY","ASSIGNY","SMALL",NULL,NULL,300,NULL,NULL,NULL
"AUBEGUIMONT","AUBEGUIMONT","SMALL",NULL,NULL,200,NULL,NULL,NULL
"AUBERMESNILAUXERABLES","AUBERMESNIL-AUX-ERABLES","SMALL",NULL,NULL,200,NULL,NULL,NULL
"AUBERMESNILBEAUMAIS","AUBERMESNIL-BEAUMAIS","SMALL",NULL,NULL,500,NULL,NULL,NULL
"AUBERVILLECAMPAGNE","AUBERVILLE-LA-CAMPAGNE","SMALL",NULL,NULL,600,NULL,NULL,NULL
"AUBERVILLEMANUEL","AUBERVILLE-LA-MANUEL","SMALL",NULL,NULL,100,NULL,NULL,NULL
"AUBERVILLERENAULT","AUBERVILLE-LA-RENAULT","SMALL",NULL,NULL,400,NULL,NULL,NULL
"AUFFAY","AUFFAY","MEDIUM",NULL,NULL,1800,NULL,NULL,NULL
"AUMALE","AUMALE","MEDIUM",NULL,NULL,2400,NULL,NULL,NULL
"AUPPEGARD","AUPPEGARD","SMALL",NULL,NULL,700,NULL,NULL,NULL
"AUQUEMESNIL","AUQUEMESNIL","SMALL",NULL,NULL,300,NULL,NULL,NULL
"AUTHIEUXRATIEVILLE","AUTHIEUX-RATIEVILLE","SMALL",NULL,NULL,400,NULL,NULL,NULL
"AUTHIEUXSURPORTSAINTOUEN","LES AUTHIEUX-SUR-LE-PORT-SAINT-OUEN","MEDIUM",NULL,NULL,1200,NULL,NULL,NULL
"AUTIGNY","AUTIGNY","SMALL",NULL,NULL,300,NULL,NULL,NULL
"AUTRETOT","AUTRETOT","SMALL",NULL,NULL,700,NULL,NULL,NULL
"AUVILLIERS","AUVILLIERS","SMALL",NULL,NULL,100,NULL,NULL,NULL
"AUZEBOSC","AUZEBOSC","SMALL",NULL,NULL,1000,NULL,NULL,NULL
"AUZOUVILLEAUBERBOSC","AUZOUVILLE-AUBERBOSC","SMALL",NULL,NULL,300,NULL,NULL,NULL
"AUZOUVILLESURRY","AUZOUVILLE-SUR-RY","SMALL",NULL,NULL,600,NULL,NULL,NULL
"AUZOUVILLESURSAANE","AUZOUVILLE-SUR-SAANE","SMALL",NULL,NULL,200,NULL,NULL,NULL
"AVESNESBRAY","AVESNES-EN-BRAY","SMALL",NULL,NULL,300,NULL,NULL,NULL
"AVESNESVAL","AVESNES-EN-VAL","SMALL",NULL,NULL,300,NULL,NULL,NULL
"AVREMESNIL","AVREMESNIL","SMALL",NULL,NULL,900,NULL,NULL,NULL
"BACQUEVILLECAUX","BACQUEVILLE-EN-CAUX","MEDIUM",NULL,NULL,1800,NULL,NULL,NULL
"BAILLEULNEUVILLE","BAILLEUL-NEUVILLE","SMALL",NULL,NULL,200,NULL,NULL,NULL
"BAILLOLET","BAILLOLET","SMALL",NULL,NULL,100,NULL,NULL,NULL
"BAILLYRIVIERE","BAILLY-EN-RIVIERE","SMALL",NULL,NULL,600,NULL,NULL,NULL
"BAONSCOMTE","BAONS-LE-COMTE","SMALL",NULL,NULL,300,NULL,NULL,NULL
"BARDOUVILLE","BARDOUVILLE","SMALL",NULL,NULL,600,NULL,NULL,NULL
"BARENTIN","BARENTIN","BIG",NULL,NULL,12200,NULL,NULL,NULL
"BAROMESNIL","BAROMESNIL","SMALL",NULL,NULL,200,NULL,NULL,NULL
"BAZINVAL","BAZINVAL","SMALL",NULL,NULL,400,NULL,NULL,NULL
"BEAUBECROSIERE","BEAUBEC-LA-ROSIERE","SMALL",NULL,NULL,500,NULL,NULL,NULL
"BEAUMONTHARENG","BEAUMONT-LE-HARENG","SMALL",NULL,NULL,200,NULL,NULL,NULL
"BEAUREPAIRE","BEAUREPAIRE","SMALL",NULL,NULL,500,NULL,NULL,NULL
"BEAUSSAULT","BEAUSSAULT","SMALL",NULL,NULL,400,NULL,NULL,NULL
"BEAUTOT","BEAUTOT","SMALL",NULL,NULL,100,NULL,NULL,NULL
"BEAUVALCAUX","BEAUVAL-EN-CAUX","SMALL",NULL,NULL,400,NULL,NULL,NULL
"BEAUVOIRLYONS","BEAUVOIR-EN-LYONS","SMALL",NULL,NULL,600,NULL,NULL,NULL
"BECMORTAGNE","BEC-DE-MORTAGNE","SMALL",NULL,NULL,700,NULL,NULL,NULL
"BELBEUF","BELBEUF","MEDIUM",NULL,NULL,2000,NULL,NULL,NULL
"BELLENCOMBRE","BELLENCOMBRE","SMALL",NULL,NULL,700,NULL,NULL,NULL
"BELLENGREVILLE","BELLENGREVILLE","SMALL",NULL,NULL,500,NULL,NULL,NULL
"BELLEVILLECAUX","BELLEVILLE-EN-CAUX","SMALL",NULL,NULL,600,NULL,NULL,NULL
"BELLEVILLESURMER","BELLEVILLE-SUR-MER","SMALL",NULL,NULL,800,NULL,NULL,NULL
"BELLIERE","LA BELLIERE","SMALL",NULL,NULL,100,NULL,NULL,NULL
"BELMESNIL","BELMESNIL","SMALL",NULL,NULL,500,NULL,NULL,NULL
"BENARVILLE","BENARVILLE","SMALL",NULL,NULL,200,NULL,NULL,NULL
"BENESVILLE","BENESVILLE","SMALL",NULL,NULL,200,NULL,NULL,NULL
"BENNETOT","BENNETOT","SMALL",NULL,NULL,200,NULL,NULL,NULL
"BENOUVILLE","BENOUVILLE","SMALL",NULL,NULL,100,NULL,NULL,NULL
"BERMONVILLE","BERMONVILLE","SMALL",NULL,NULL,500,NULL,NULL,NULL
"BERNEVALGRAND","BERNEVAL-LE-GRAND","MEDIUM",NULL,NULL,1300,NULL,NULL,NULL
"BERNIERES","BERNIERES","SMALL",NULL,NULL,700,NULL,NULL,NULL
"BERTHEAUVILLE","BERTHEAUVILLE","SMALL",NULL,NULL,100,NULL,NULL,NULL
"BERTREVILLE","BERTREVILLE","SMALL",NULL,NULL,100,NULL,NULL,NULL
"BERTREVILLESAINTOUEN","BERTREVILLE-SAINT-OUEN","SMALL",NULL,NULL,300,NULL,NULL,NULL
"BERTRIMONT","BERTRIMONT","SMALL",NULL,NULL,200,NULL,NULL,NULL
"BERVILLE","BERVILLE","SMALL",NULL,NULL,500,NULL,NULL,NULL
"BERVILLESURSEINE","BERVILLE-SUR-SEINE","SMALL",NULL,NULL,500,NULL,NULL,NULL
"BETTEVILLE","BETTEVILLE","SMALL",NULL,NULL,500,NULL,NULL,NULL
"BEUZEVILLEGRENIER","BEUZEVILLE-LA-GRENIER","SMALL",NULL,NULL,1000,NULL,NULL,NULL
"BEUZEVILLEGUERARD","BEUZEVILLE-LA-GUERARD","SMALL",NULL,NULL,200,NULL,NULL,NULL
"BEUZEVILLETTE","BEUZEVILLETTE","SMALL",NULL,NULL,700,NULL,NULL,NULL
"BEZANCOURT","BEZANCOURT","SMALL",NULL,NULL,300,NULL,NULL,NULL
"BIERVILLE","BIERVILLE","SMALL",NULL,NULL,300,NULL,NULL,NULL
"BIVILLEBAIGNARDE","BIVILLE-LA-BAIGNARDE","SMALL",NULL,NULL,600,NULL,NULL,NULL
"BIVILLERIVIERE","BIVILLE-LA-RIVIERE","SMALL",NULL,NULL,100,NULL,NULL,NULL
"BIVILLESURMER","BIVILLE-SUR-MER","SMALL",NULL,NULL,700,NULL,NULL,NULL
"BLACQUEVILLE","BLACQUEVILLE","SMALL",NULL,NULL,600,NULL,NULL,NULL
"BLAINVILLECREVON","BLAINVILLE-CREVON","MEDIUM",NULL,NULL,1100,NULL,NULL,NULL
"BLANGYSURBRESLE","BLANGY-SUR-BRESLE","MEDIUM",NULL,NULL,3000,NULL,NULL,NULL
"BLOSSEVILLE","BLOSSEVILLE","SMALL",NULL,NULL,300,NULL,NULL,NULL
"BOCASSE","LE BOCASSE","SMALL",NULL,NULL,700,NULL,NULL,NULL
"BOISGUILBERT","BOIS-GUILBERT","SMALL",NULL,NULL,300,NULL,NULL,NULL
"BOISGUILLAUMEBIHOREL","BOIS-GUILLAUME-BIHOREL","BIG",NULL,NULL,22000,NULL,NULL,NULL
"BOISHEROULT","BOIS-HEROULT","SMALL",NULL,NULL,200,NULL,NULL,NULL
"BOISHIMONT","BOIS-HIMONT","SMALL",NULL,NULL,400,NULL,NULL,NULL
"BOISROBERT","LE BOIS-ROBERT","SMALL",NULL,NULL,300,NULL,NULL,NULL
"BOISSAY","BOISSAY","SMALL",NULL,NULL,300,NULL,NULL,NULL
"BOLBEC","BOLBEC","BIG",NULL,NULL,11700,NULL,NULL,NULL
"BOLLEVILLE","BOLLEVILLE","SMALL",NULL,NULL,500,NULL,NULL,NULL
"BONSECOURS","BONSECOURS","MEDIUM",NULL,NULL,6700,NULL,NULL,NULL
"BOOS","BOOS","MEDIUM",NULL,NULL,3200,NULL,NULL,NULL
"BORDEAUXSAINTCLAIR","BORDEAUX-SAINT-CLAIR","SMALL",NULL,NULL,600,NULL,NULL,NULL
"BORNAMBUSC","BORNAMBUSC","SMALL",NULL,NULL,300,NULL,NULL,NULL
"BOSCBERENGER","BOSC-BERENGER","SMALL",NULL,NULL,200,NULL,NULL,NULL
"BOSCBORDEL","BOSC-BORDEL","SMALL",NULL,NULL,500,NULL,NULL,NULL
"BOSCEDELINE","BOSC-EDELINE","SMALL",NULL,NULL,300,NULL,NULL,NULL
"BOSCGUERARDSAINTADRIEN","BOSC-GUERARD-SAINT-ADRIEN","SMALL",NULL,NULL,800,NULL,NULL,NULL
"BOSCHARD","BOSC-LE-HARD","MEDIUM",NULL,NULL,1500,NULL,NULL,NULL
"BOSCHYONS","BOSC-HYONS","SMALL",NULL,NULL,400,NULL,NULL,NULL
"BOSCMESNIL","BOSC-MESNIL","SMALL",NULL,NULL,300,NULL,NULL,NULL
"BOSCROGERSURBUCHY","BOSC-ROGER-SUR-BUCHY","SMALL",NULL,NULL,700,NULL,NULL,NULL
"BOSVILLE","BOSVILLE","SMALL",NULL,NULL,500,NULL,NULL,NULL
"BOUDEVILLE","BOUDEVILLE","SMALL",NULL,NULL,200,NULL,NULL,NULL
"BOUELLES","BOUELLES","SMALL",NULL,NULL,200,NULL,NULL,NULL
"BOUILLE","LA BOUILLE","SMALL",NULL,NULL,800,NULL,NULL,NULL
"BOURDAINVILLE","BOURDAINVILLE","SMALL",NULL,NULL,400,NULL,NULL,NULL
"BOURGDUN","LE BOURG-DUN","SMALL",NULL,NULL,500,NULL,NULL,NULL
"BOURVILLE","BOURVILLE","SMALL",NULL,NULL,300,NULL,NULL,NULL
"BOUVILLE","BOUVILLE","SMALL",NULL,NULL,900,NULL,NULL,NULL
"BRACHY","BRACHY","SMALL",NULL,NULL,700,NULL,NULL,NULL
"BRACQUEMONT","BRACQUEMONT","SMALL",NULL,NULL,900,NULL,NULL,NULL
"BRACQUETUIT","BRACQUETUIT","SMALL",NULL,NULL,300,NULL,NULL,NULL
"BRADIANCOURT","BRADIANCOURT","SMALL",NULL,NULL,200,NULL,NULL,NULL
"BRAMETOT","BRAMETOT","SMALL",NULL,NULL,200,NULL,NULL,NULL
"BREAUTE","BREAUTE","MEDIUM",NULL,NULL,1300,NULL,NULL,NULL
"BREMONTIERMERVAL","BREMONTIER-MERVAL","SMALL",NULL,NULL,500,NULL,NULL,NULL
"BRETTEVILLEGRANDCAUX","BRETTEVILLE-DU-GRAND-CAUX","MEDIUM",NULL,NULL,1300,NULL,NULL,NULL
"BRETTEVILLESAINTLAURENT","BRETTEVILLE-SAINT-LAURENT","SMALL",NULL,NULL,200,NULL,NULL,NULL
"BRUNVILLE","BRUNVILLE","SMALL",NULL,NULL,300,NULL,NULL,NULL
"BUCHY","BUCHY","MEDIUM",NULL,NULL,1400,NULL,NULL,NULL
"BULLY","BULLY","SMALL",NULL,NULL,900,NULL,NULL,NULL
"BURESBRAY","BURES-EN-BRAY","SMALL",NULL,NULL,300,NULL,NULL,NULL
"BUTOT","BUTOT","SMALL",NULL,NULL,300,NULL,NULL,NULL
"BUTOTVENESVILLE","BUTOT-VENESVILLE","SMALL",NULL,NULL,300,NULL,NULL,NULL
"CAILLEVILLE","CAILLEVILLE","SMALL",NULL,NULL,300,NULL,NULL,NULL
"CAILLY","CAILLY","SMALL",NULL,NULL,700,NULL,NULL,NULL
"CALLENGEVILLE","CALLENGEVILLE","SMALL",NULL,NULL,500,NULL,NULL,NULL
"CALLEVILLEDEUXEGLISES","CALLEVILLE-LES-DEUX-EGLISES","SMALL",NULL,NULL,300,NULL,NULL,NULL
"CAMPNEUSEVILLE","CAMPNEUSEVILLE","SMALL",NULL,NULL,500,NULL,NULL,NULL
"CANEHAN","CANEHAN","SMALL",NULL,NULL,300,NULL,NULL,NULL
"CANOUVILLE","CANOUVILLE","SMALL",NULL,NULL,300,NULL,NULL,NULL
"CANTELEU","CANTELEU","BIG",NULL,NULL,14700,NULL,NULL,NULL
"CANVILLEDEUXEGLISES","CANVILLE-LES-DEUX-EGLISES","SMALL",NULL,NULL,300,NULL,NULL,NULL
"CANYBARVILLE","CANY-BARVILLE","MEDIUM",NULL,NULL,3100,NULL,NULL,NULL
"CARVILLEFOLLETIERE","CARVILLE-LA-FOLLETIERE","SMALL",NULL,NULL,400,NULL,NULL,NULL
"CARVILLEPOTFER","CARVILLE-POT-DE-FER","SMALL",NULL,NULL,100,NULL,NULL,NULL
"CATELIER","LE CATELIER","SMALL",NULL,NULL,200,NULL,NULL,NULL
"CATENAY","CATENAY","SMALL",NULL,NULL,700,NULL,NULL,NULL
"CAUDEBECCAUX","CAUDEBEC-EN-CAUX","MEDIUM",NULL,NULL,2300,NULL,NULL,NULL
"CAUDEBECELBEUF","CAUDEBEC-LES-ELBEUF","MEDIUM",NULL,NULL,9700,NULL,NULL,NULL
"CAULESAINTEBEUVE","LE CAULE-SAINTE-BEUVE","SMALL",NULL,NULL,400,NULL,NULL,NULL
"CAUVILLESURMER","CAUVILLE-SUR-MER","MEDIUM",NULL,NULL,1400,NULL,NULL,NULL
"CENTACRES","LES CENT-ACRES","SMALL",NULL,NULL,0,NULL,NULL,NULL
"CERLANGUE","LA CERLANGUE","MEDIUM",NULL,NULL,1300,NULL,NULL,NULL
"CHAPELLEBOURGAY","LA CHAPELLE-DU-BOURGAY","SMALL",NULL,NULL,100,NULL,NULL,NULL
"CHAPELLESAINTOUEN","LA CHAPELLE-SAINT-OUEN","SMALL",NULL,NULL,100,NULL,NULL,NULL
"CHAPELLESURDUN","LA CHAPELLE-SUR-DUN","SMALL",NULL,NULL,200,NULL,NULL,NULL
"CHAUSSEE","LA CHAUSSEE","SMALL",NULL,NULL,500,NULL,NULL,NULL
"CIDEVILLE","CIDEVILLE","SMALL",NULL,NULL,300,NULL,NULL,NULL
"CLAIS","CLAIS","SMALL",NULL,NULL,200,NULL,NULL,NULL
"CLASVILLE","CLASVILLE","SMALL",NULL,NULL,300,NULL,NULL,NULL
"CLAVILLEMOTTEVILLE","CLAVILLE-MOTTEVILLE","SMALL",NULL,NULL,300,NULL,NULL,NULL
"CLEON","CLEON","MEDIUM",NULL,NULL,5600,NULL,NULL,NULL
"CLERES","CLERES","MEDIUM",NULL,NULL,1300,NULL,NULL,NULL
"CLEUVILLE","CLEUVILLE","SMALL",NULL,NULL,200,NULL,NULL,NULL
"CLEVILLE","CLEVILLE","SMALL",NULL,NULL,200,NULL,NULL,NULL
"CLIPONVILLE","CLIPONVILLE","SMALL",NULL,NULL,300,NULL,NULL,NULL
"COLLEVILLE","COLLEVILLE","SMALL",NULL,NULL,700,NULL,NULL,NULL
"COLMESNILMANNEVILLE","COLMESNIL-MANNEVILLE","SMALL",NULL,NULL,100,NULL,NULL,NULL
"COMPAINVILLE","COMPAINVILLE","SMALL",NULL,NULL,100,NULL,NULL,NULL
"CONTEVILLE","CONTEVILLE","SMALL",NULL,NULL,500,NULL,NULL,NULL
"CONTREMOULINS","CONTREMOULINS","SMALL",NULL,NULL,200,NULL,NULL,NULL
"COTTEVRARD","COTTEVRARD","SMALL",NULL,NULL,400,NULL,NULL,NULL
"CRASVILLEMALLET","CRASVILLE-LA-MALLET","SMALL",NULL,NULL,200,NULL,NULL,NULL
"CRASVILLEROCQUEFORT","CRASVILLE-LA-ROCQUEFORT","SMALL",NULL,NULL,200,NULL,NULL,NULL
"CRESSY","CRESSY","SMALL",NULL,NULL,300,NULL,NULL,NULL
"CRIELSURMER","CRIEL-SUR-MER","MEDIUM",NULL,NULL,2700,NULL,NULL,NULL
"CRIQUE","LA CRIQUE","SMALL",NULL,NULL,400,NULL,NULL,NULL
"CRIQUEBEUFCAUX","CRIQUEBEUF-EN-CAUX","SMALL",NULL,NULL,400,NULL,NULL,NULL
"CRIQUETOTMAUCONDUIT","CRIQUETOT-LE-MAUCONDUIT","SMALL",NULL,NULL,200,NULL,NULL,NULL
"CRIQUETOTSURLONGUEVILLE","CRIQUETOT-SUR-LONGUEVILLE","SMALL",NULL,NULL,200,NULL,NULL,NULL
"CRIQUETOTSUROUVILLE","CRIQUETOT-SUR-OUVILLE","SMALL",NULL,NULL,700,NULL,NULL,NULL
"CRIQUIERS","CRIQUIERS","SMALL",NULL,NULL,700,NULL,NULL,NULL
"CRITOT","CRITOT","SMALL",NULL,NULL,500,NULL,NULL,NULL
"CROISYSURANDELLE","CROISY-SUR-ANDELLE","SMALL",NULL,NULL,500,NULL,NULL,NULL
"CROIXDALLE","CROIXDALLE","SMALL",NULL,NULL,200,NULL,NULL,NULL
"CROIXMARE","CROIX-MARE","SMALL",NULL,NULL,700,NULL,NULL,NULL
"CROPUS","CROPUS","SMALL",NULL,NULL,200,NULL,NULL,NULL
"CROSVILLESURSCIE","CROSVILLE-SUR-SCIE","SMALL",NULL,NULL,200,NULL,NULL,NULL
"CUVERVILLE","CUVERVILLE","SMALL",NULL,NULL,300,NULL,NULL,NULL
"CUVERVILLESURYERES","CUVERVILLE-SUR-YERES","SMALL",NULL,NULL,200,NULL,NULL,NULL
"CUYSAINTFIACRE","CUY-SAINT-FIACRE","SMALL",NULL,NULL,600,NULL,NULL,NULL
"DAMPIERREBRAY","DAMPIERRE-EN-BRAY","SMALL",NULL,NULL,400,NULL,NULL,NULL
"DAMPIERRESAINTNICOLAS","DAMPIERRE-SAINT-NICOLAS","SMALL",NULL,NULL,500,NULL,NULL,NULL
"DANCOURT","DANCOURT","SMALL",NULL,NULL,200,NULL,NULL,NULL
"DARNETAL","DARNETAL","MEDIUM",NULL,NULL,9600,NULL,NULL,NULL
"DAUBEUFSERVILLE","DAUBEUF-SERVILLE","SMALL",NULL,NULL,400,NULL,NULL,NULL
"DENESTANVILLE","DENESTANVILLE","SMALL",NULL,NULL,200,NULL,NULL,NULL
"DERCHIGNY","DERCHIGNY","SMALL",NULL,NULL,600,NULL,NULL,NULL
"DEVILLEROUEN","DEVILLE-LES-ROUEN","MEDIUM",NULL,NULL,10000,NULL,NULL,NULL
"DIEPPE","DIEPPE","BIG",NULL,NULL,32700,NULL,NULL,NULL
"DOUDEAUVILLE","DOUDEAUVILLE","SMALL",NULL,NULL,100,NULL,NULL,NULL
"DOUDEVILLE","DOUDEVILLE","MEDIUM",NULL,NULL,2600,NULL,NULL,NULL
"DOUVREND","DOUVREND","SMALL",NULL,NULL,500,NULL,NULL,NULL
"DROSAY","DROSAY","SMALL",NULL,NULL,200,NULL,NULL,NULL
"DUCLAIR","DUCLAIR","MEDIUM",NULL,NULL,4100,NULL,NULL,NULL
"ECALLESALIX","ECALLES-ALIX","SMALL",NULL,NULL,500,NULL,NULL,NULL
"ECRAINVILLE","ECRAINVILLE","SMALL",NULL,NULL,1000,NULL,NULL,NULL
"ECRETTEVILLEBAONS","ECRETTEVILLE-LES-BAONS","SMALL",NULL,NULL,400,NULL,NULL,NULL
"ECRETTEVILLESURMER","ECRETTEVILLE-SUR-MER","SMALL",NULL,NULL,100,NULL,NULL,NULL
"ECTOTBAONS","ECTOT-LES-BAONS","SMALL",NULL,NULL,400,NULL,NULL,NULL
"ELBEUF","ELBEUF","BIG",NULL,NULL,17300,NULL,NULL,NULL
"ELBEUFBRAY","ELBEUF-EN-BRAY","SMALL",NULL,NULL,400,NULL,NULL,NULL
"ELBEUFSURANDELLE","ELBEUF-SUR-ANDELLE","SMALL",NULL,NULL,400,NULL,NULL,NULL
"ELETOT","ELETOT","SMALL",NULL,NULL,600,NULL,NULL,NULL
"ELLECOURT","ELLECOURT","SMALL",NULL,NULL,100,NULL,NULL,NULL
"EMANVILLE","EMANVILLE","SMALL",NULL,NULL,600,NULL,NULL,NULL
"ENVERMEU","ENVERMEU","MEDIUM",NULL,NULL,2100,NULL,NULL,NULL
"ENVRONVILLE","ENVRONVILLE","SMALL",NULL,NULL,300,NULL,NULL,NULL
"EPINAYSURDUCLAIR","EPINAY-SUR-DUCLAIR","SMALL",NULL,NULL,500,NULL,NULL,NULL
"EPOUVILLE","EPOUVILLE","MEDIUM",NULL,NULL,2800,NULL,NULL,NULL
"EPRETOT","EPRETOT","SMALL",NULL,NULL,800,NULL,NULL,NULL
"EPREVILLE","EPREVILLE","SMALL",NULL,NULL,1000,NULL,NULL,NULL
"ERMENOUVILLE","ERMENOUVILLE","SMALL",NULL,NULL,200,NULL,NULL,NULL
"ERNEMONTSURBUCHY","ERNEMONT-SUR-BUCHY","SMALL",NULL,NULL,200,NULL,NULL,NULL
"ERNEMONTVILLETTE","ERNEMONT-LA-VILLETTE","SMALL",NULL,NULL,200,NULL,NULL,NULL
"ESCLAVELLES","ESCLAVELLES","SMALL",NULL,NULL,400,NULL,NULL,NULL
"ESLETTES","ESLETTES","MEDIUM",NULL,NULL,1500,NULL,NULL,NULL
"ESTEVILLE","ESTEVILLE","SMALL",NULL,NULL,500,NULL,NULL,NULL
"ESTOUTEVILLEECALLES","ESTOUTEVILLE-ECALLES","SMALL",NULL,NULL,500,NULL,NULL,NULL
"ETAIMPUIS","ETAIMPUIS","SMALL",NULL,NULL,700,NULL,NULL,NULL
"ETAINHUS","ETAINHUS","MEDIUM",NULL,NULL,1100,NULL,NULL,NULL
"ETALLEVILLE","ETALLEVILLE","SMALL",NULL,NULL,400,NULL,NULL,NULL
"ETALONDES","ETALONDES","MEDIUM",NULL,NULL,1200,NULL,NULL,NULL
"ETOUTTEVILLE","ETOUTTEVILLE","SMALL",NULL,NULL,700,NULL,NULL,NULL
"ETRETAT","ETRETAT","MEDIUM",NULL,NULL,1500,NULL,NULL,NULL
"EU","EU","MEDIUM",NULL,NULL,7400,NULL,NULL,NULL
"FALLENCOURT","FALLENCOURT","SMALL",NULL,NULL,200,NULL,NULL,NULL
"FAUVILLECAUX","FAUVILLE-EN-CAUX","MEDIUM",NULL,NULL,2100,NULL,NULL,NULL
"FECAMP","FECAMP","BIG",NULL,NULL,19300,NULL,NULL,NULL
"FERRIERESBRAY","FERRIERES-EN-BRAY","MEDIUM",NULL,NULL,1600,NULL,NULL,NULL
"FERTESAINTSAMSON","LA FERTE-SAINT-SAMSON","SMALL",NULL,NULL,400,NULL,NULL,NULL
"FESQUES","FESQUES","SMALL",NULL,NULL,100,NULL,NULL,NULL
"FEUILLIE","LA FEUILLIE","MEDIUM",NULL,NULL,1300,NULL,NULL,NULL
"FLAMANVILLE","FLAMANVILLE","SMALL",NULL,NULL,400,NULL,NULL,NULL
"FLAMETSFRETILS","FLAMETS-FRETILS","SMALL",NULL,NULL,200,NULL,NULL,NULL
"FLOCQUES","FLOCQUES","SMALL",NULL,NULL,700,NULL,NULL,NULL
"FOLLETIERE","LA FOLLETIERE","SMALL",NULL,NULL,100,NULL,NULL,NULL
"FONGUEUSEMARE","FONGUEUSEMARE","SMALL",NULL,NULL,200,NULL,NULL,NULL
"FONTAINEBOURG","FONTAINE-LE-BOURG","MEDIUM",NULL,NULL,1400,NULL,NULL,NULL
"FONTAINEBRAY","FONTAINE-EN-BRAY","SMALL",NULL,NULL,200,NULL,NULL,NULL
"FONTAINEDUN","FONTAINE-LE-DUN","SMALL",NULL,NULL,900,NULL,NULL,NULL
"FONTAINEMALLET","FONTAINE-LA-MALLET","MEDIUM",NULL,NULL,2700,NULL,NULL,NULL
"FONTAINESOUSPREAUX","FONTAINE-SOUS-PREAUX","SMALL",NULL,NULL,500,NULL,NULL,NULL
"FONTELAYE","LA FONTELAYE","SMALL",NULL,NULL,0,NULL,NULL,NULL
"FONTENAY","FONTENAY","SMALL",NULL,NULL,1000,NULL,NULL,NULL
"FORGESEAUX","FORGES-LES-EAUX","MEDIUM",NULL,NULL,3500,NULL,NULL,NULL
"FOSSE","LE FOSSE","SMALL",NULL,NULL,500,NULL,NULL,NULL
"FOUCARMONT","FOUCARMONT","SMALL",NULL,NULL,1000,NULL,NULL,NULL
"FOUCART","FOUCART","SMALL",NULL,NULL,400,NULL,NULL,NULL
"FRANQUEVILLESAINTPIERRE","FRANQUEVILLE-SAINT-PIERRE","MEDIUM",NULL,NULL,5700,NULL,NULL,NULL
"FREAUVILLE","FREAUVILLE","SMALL",NULL,NULL,100,NULL,NULL,NULL
"FRENAYE","LA FRENAYE","MEDIUM",NULL,NULL,1900,NULL,NULL,NULL
"FRENEUSE","FRENEUSE","SMALL",NULL,NULL,900,NULL,NULL,NULL
"FRESLES","FRESLES","SMALL",NULL,NULL,200,NULL,NULL,NULL
"FRESNAYLONG","FRESNAY-LE-LONG","SMALL",NULL,NULL,300,NULL,NULL,NULL
"FRESNEPLAN","FRESNE-LE-PLAN","SMALL",NULL,NULL,600,NULL,NULL,NULL
"FRESNOYFOLNY","FRESNOY-FOLNY","SMALL",NULL,NULL,700,NULL,NULL,NULL
"FRESQUIENNES","FRESQUIENNES","MEDIUM",NULL,NULL,1100,NULL,NULL,NULL
"FREULLEVILLE","FREULLEVILLE","SMALL",NULL,NULL,300,NULL,NULL,NULL
"FREVILLE","FREVILLE","SMALL",NULL,NULL,900,NULL,NULL,NULL
"FRICHEMESNIL","FRICHEMESNIL","SMALL",NULL,NULL,400,NULL,NULL,NULL
"FROBERVILLE","FROBERVILLE","SMALL",NULL,NULL,1000,NULL,NULL,NULL
"FRY","FRY","SMALL",NULL,NULL,100,NULL,NULL,NULL
"FULTOT","FULTOT","SMALL",NULL,NULL,200,NULL,NULL,NULL
"GAILLARDE","LA GAILLARDE","SMALL",NULL,NULL,400,NULL,NULL,NULL
"GAILLEFONTAINE","GAILLEFONTAINE","MEDIUM",NULL,NULL,1300,NULL,NULL,NULL
"GAINNEVILLE","GAINNEVILLE","MEDIUM",NULL,NULL,2700,NULL,NULL,NULL
"GANCOURTSAINTETIENNE","GANCOURT-SAINT-ETIENNE","SMALL",NULL,NULL,200,NULL,NULL,NULL
"GANZEVILLE","GANZEVILLE","SMALL",NULL,NULL,400,NULL,NULL,NULL
"GERPONVILLE","GERPONVILLE","SMALL",NULL,NULL,400,NULL,NULL,NULL
"GERVILLE","GERVILLE","SMALL",NULL,NULL,400,NULL,NULL,NULL
"GLICOURT","GLICOURT","SMALL",NULL,NULL,200,NULL,NULL,NULL
"GODERVILLE","GODERVILLE","MEDIUM",NULL,NULL,2900,NULL,NULL,NULL
"GOMMERVILLE","GOMMERVILLE","SMALL",NULL,NULL,700,NULL,NULL,NULL
"GONFREVILLECAILLOT","GONFREVILLE-CAILLOT","SMALL",NULL,NULL,300,NULL,NULL,NULL
"GONNETOT","GONNETOT","SMALL",NULL,NULL,200,NULL,NULL,NULL
"GONNEVILLEMALLET","GONNEVILLE-LA-MALLET","MEDIUM",NULL,NULL,1300,NULL,NULL,NULL
"GONNEVILLESURSCIE","GONNEVILLE-SUR-SCIE","SMALL",NULL,NULL,400,NULL,NULL,NULL
"GONZEVILLE","GONZEVILLE","SMALL",NULL,NULL,100,NULL,NULL,NULL
"GOUCHAUPRE","GOUCHAUPRE","SMALL",NULL,NULL,200,NULL,NULL,NULL
"GOUPILLIERES","GOUPILLIERES","SMALL",NULL,NULL,400,NULL,NULL,NULL
"GOURNAYBRAY","GOURNAY-EN-BRAY","MEDIUM",NULL,NULL,6400,NULL,NULL,NULL
"GOUY","GOUY","SMALL",NULL,NULL,800,NULL,NULL,NULL
"GRAIMBOUVILLE","GRAIMBOUVILLE","SMALL",NULL,NULL,600,NULL,NULL,NULL
"GRAINVILLESURRY","GRAINVILLE-SUR-RY","SMALL",NULL,NULL,500,NULL,NULL,NULL
"GRAINVILLETEINTURIERE","GRAINVILLE-LA-TEINTURIERE","MEDIUM",NULL,NULL,1100,NULL,NULL,NULL
"GRAINVILLEYMAUVILLE","GRAINVILLE-YMAUVILLE","SMALL",NULL,NULL,400,NULL,NULL,NULL
"GRANDCAMP","GRAND-CAMP","SMALL",NULL,NULL,700,NULL,NULL,NULL
"GRANDCOURONNE","GRAND-COURONNE","MEDIUM",NULL,NULL,9600,NULL,NULL,NULL
"GRANDCOURT","GRANDCOURT","SMALL",NULL,NULL,400,NULL,NULL,NULL
"GRANDESVENTES","LES GRANDES-VENTES","MEDIUM",NULL,NULL,1800,NULL,NULL,NULL
"GRANDQUEVILLY","LE GRAND-QUEVILLY","BIG",NULL,NULL,25200,NULL,NULL,NULL
"GRAVAL","GRAVAL","SMALL",NULL,NULL,100,NULL,NULL,NULL
"GREGES","GREGES","SMALL",NULL,NULL,800,NULL,NULL,NULL
"GREMONVILLE","GREMONVILLE","SMALL",NULL,NULL,400,NULL,NULL,NULL
"GRENY","GRENY","SMALL",NULL,NULL,100,NULL,NULL,NULL
"GREUVILLE","GREUVILLE","SMALL",NULL,NULL,400,NULL,NULL,NULL
"GRIGNEUSEVILLE","GRIGNEUSEVILLE","SMALL",NULL,NULL,300,NULL,NULL,NULL
"GRUCHETSAINTSIMEON","GRUCHET-SAINT-SIMEON","SMALL",NULL,NULL,700,NULL,NULL,NULL
"GRUCHETVALASSE","GRUCHET-LE-VALASSE","MEDIUM",NULL,NULL,2700,NULL,NULL,NULL
"GRUGNY","GRUGNY","SMALL",NULL,NULL,900,NULL,NULL,NULL
"GRUMESNIL","GRUMESNIL","SMALL",NULL,NULL,500,NULL,NULL,NULL
"GUERVILLE","GUERVILLE","SMALL",NULL,NULL,500,NULL,NULL,NULL
"GUEURES","GUEURES","SMALL",NULL,NULL,500,NULL,NULL,NULL
"GUEUTTEVILLE","GUEUTTEVILLE","SMALL",NULL,NULL,100,NULL,NULL,NULL
"GUEUTTEVILLEGRES","GUEUTTEVILLE-LES-GRES","SMALL",NULL,NULL,400,NULL,NULL,NULL
"GUILMECOURT","GUILMECOURT","SMALL",NULL,NULL,300,NULL,NULL,NULL
"HALLOTIERE","LA HALLOTIERE","SMALL",NULL,NULL,200,NULL,NULL,NULL
"HANOUARD","LE HANOUARD","SMALL",NULL,NULL,200,NULL,NULL,NULL
"HARCANVILLE","HARCANVILLE","SMALL",NULL,NULL,400,NULL,NULL,NULL
"HARFLEUR","HARFLEUR","MEDIUM",NULL,NULL,8100,NULL,NULL,NULL
"HATTENVILLE","HATTENVILLE","SMALL",NULL,NULL,700,NULL,NULL,NULL
"HAUCOURT","HAUCOURT","SMALL",NULL,NULL,300,NULL,NULL,NULL
"HAUDRICOURT","HAUDRICOURT","SMALL",NULL,NULL,500,NULL,NULL,NULL
"HAUSSEZ","HAUSSEZ","SMALL",NULL,NULL,300,NULL,NULL,NULL
"HAUTOTSAINTSULPICE","HAUTOT-SAINT-SULPICE","SMALL",NULL,NULL,600,NULL,NULL,NULL
"HAUTOTSURMER","HAUTOT-SUR-MER","MEDIUM",NULL,NULL,2000,NULL,NULL,NULL
"HAUTOTSURSEINE","HAUTOT-SUR-SEINE","SMALL",NULL,NULL,400,NULL,NULL,NULL
"HAUTOTVATOIS","HAUTOT-LE-VATOIS","SMALL",NULL,NULL,300,NULL,NULL,NULL
"HAVRE","LE HAVRE","METRO",NULL,NULL,177300,NULL,NULL,NULL
"HAYE","LA HAYE","SMALL",NULL,NULL,300,NULL,NULL,NULL
"HEBERVILLE","HEBERVILLE","SMALL",NULL,NULL,100,NULL,NULL,NULL
"HENOUVILLE","HENOUVILLE","MEDIUM",NULL,NULL,1200,NULL,NULL,NULL
"HERICOURTCAUX","HERICOURT-EN-CAUX","SMALL",NULL,NULL,900,NULL,NULL,NULL
"HERMANVILLE","HERMANVILLE","SMALL",NULL,NULL,100,NULL,NULL,NULL
"HERMEVILLE","HERMEVILLE","SMALL",NULL,NULL,400,NULL,NULL,NULL
"HERON","LE HERON","SMALL",NULL,NULL,200,NULL,NULL,NULL
"HERONCHELLES","HERONCHELLES","SMALL",NULL,NULL,100,NULL,NULL,NULL
"HEUGLEVILLESURSCIE","HEUGLEVILLE-SUR-SCIE","SMALL",NULL,NULL,600,NULL,NULL,NULL
"HEUQUEVILLE","HEUQUEVILLE","SMALL",NULL,NULL,700,NULL,NULL,NULL
"HEURTEAUVILLE","HEURTEAUVILLE","SMALL",NULL,NULL,300,NULL,NULL,NULL
"HODENGAUBOSC","HODENG-AU-BOSC","SMALL",NULL,NULL,600,NULL,NULL,NULL
"HODENGHODENGER","HODENG-HODENGER","SMALL",NULL,NULL,300,NULL,NULL,NULL
"HOUDETOT","HOUDETOT","SMALL",NULL,NULL,200,NULL,NULL,NULL
"HOULME","LE HOULME","MEDIUM",NULL,NULL,4000,NULL,NULL,NULL
"HOUPPEVILLE","HOUPPEVILLE","MEDIUM",NULL,NULL,2500,NULL,NULL,NULL
"HOUQUETOT","HOUQUETOT","SMALL",NULL,NULL,300,NULL,NULL,NULL
"HOUSSAYEBERANGER","LA HOUSSAYE-BERANGER","SMALL",NULL,NULL,500,NULL,NULL,NULL
"HUGLEVILLECAUX","HUGLEVILLE-EN-CAUX","SMALL",NULL,NULL,400,NULL,NULL,NULL
"IFS","LES IFS","SMALL",NULL,NULL,100,NULL,NULL,NULL
"ILLOIS","ILLOIS","SMALL",NULL,NULL,300,NULL,NULL,NULL
"IMBLEVILLE","IMBLEVILLE","SMALL",NULL,NULL,300,NULL,NULL,NULL
"INCHEVILLE","INCHEVILLE","MEDIUM",NULL,NULL,1400,NULL,NULL,NULL
"INGOUVILLE","INGOUVILLE","SMALL",NULL,NULL,300,NULL,NULL,NULL
"INTRAVILLE","INTRAVILLE","SMALL",NULL,NULL,300,NULL,NULL,NULL
"ISNEAUVILLE","ISNEAUVILLE","MEDIUM",NULL,NULL,2500,NULL,NULL,NULL
"JUMIEGES","JUMIEGES","MEDIUM",NULL,NULL,1700,NULL,NULL,NULL
"LAMBERVILLE","LAMBERVILLE","SMALL",NULL,NULL,200,NULL,NULL,NULL
"LAMMERVILLE","LAMMERVILLE","SMALL",NULL,NULL,300,NULL,NULL,NULL
"LANDESVIEILLESETNEUVES","LANDES-VIEILLES-ET-NEUVES","SMALL",NULL,NULL,100,NULL,NULL,NULL
"LANQUETOT","LANQUETOT","SMALL",NULL,NULL,1000,NULL,NULL,NULL
"LESTANVILLE","LESTANVILLE","SMALL",NULL,NULL,100,NULL,NULL,NULL
"LILLEBONNE","LILLEBONNE","MEDIUM",NULL,NULL,9200,NULL,NULL,NULL
"LIMESY","LIMESY","MEDIUM",NULL,NULL,1400,NULL,NULL,NULL
"LIMPIVILLE","LIMPIVILLE","SMALL",NULL,NULL,300,NULL,NULL,NULL
"LINDEBEUF","LINDEBEUF","SMALL",NULL,NULL,400,NULL,NULL,NULL
"LINTOT","LINTOT","SMALL",NULL,NULL,500,NULL,NULL,NULL
"LINTOTBOIS","LINTOT-LES-BOIS","SMALL",NULL,NULL,200,NULL,NULL,NULL
"LOGES","LES LOGES","MEDIUM",NULL,NULL,1200,NULL,NULL,NULL
"LONDE","LA LONDE","MEDIUM",NULL,NULL,2300,NULL,NULL,NULL
"LONDINIERES","LONDINIERES","MEDIUM",NULL,NULL,1200,NULL,NULL,NULL
"LONGMESNIL","LONGMESNIL","SMALL",NULL,NULL,100,NULL,NULL,NULL
"LONGROY","LONGROY","SMALL",NULL,NULL,700,NULL,NULL,NULL
"LONGUEIL","LONGUEIL","SMALL",NULL,NULL,600,NULL,NULL,NULL
"LONGUERUE","LONGUERUE","SMALL",NULL,NULL,300,NULL,NULL,NULL
"LONGUEVILLESURSCIE","LONGUEVILLE-SUR-SCIE","SMALL",NULL,NULL,1000,NULL,NULL,NULL
"LOUVETOT","LOUVETOT","SMALL",NULL,NULL,700,NULL,NULL,NULL
"LUCY","LUCY","SMALL",NULL,NULL,200,NULL,NULL,NULL
"LUNERAY","LUNERAY","MEDIUM",NULL,NULL,2100,NULL,NULL,NULL
"MAILLERAYESURSEINE","LA MAILLERAYE-SUR-SEINE","MEDIUM",NULL,NULL,2000,NULL,NULL,NULL
"MALAUNAY","MALAUNAY","MEDIUM",NULL,NULL,5900,NULL,NULL,NULL
"MALLEVILLEGRES","MALLEVILLE-LES-GRES","SMALL",NULL,NULL,200,NULL,NULL,NULL
"MANEGLISE","MANEGLISE","MEDIUM",NULL,NULL,1200,NULL,NULL,NULL
"MANEHOUVILLE","MANEHOUVILLE","SMALL",NULL,NULL,200,NULL,NULL,NULL
"MANIQUERVILLE","MANIQUERVILLE","SMALL",NULL,NULL,500,NULL,NULL,NULL
"MANNEVILLEESPLAINS","MANNEVILLE-ES-PLAINS","SMALL",NULL,NULL,300,NULL,NULL,NULL
"MANNEVILLEGOUPIL","MANNEVILLE-LA-GOUPIL","SMALL",NULL,NULL,1000,NULL,NULL,NULL
"MANNEVILLETTE","MANNEVILLETTE","SMALL",NULL,NULL,800,NULL,NULL,NULL
"MAROMME","MAROMME","BIG",NULL,NULL,11400,NULL,NULL,NULL
"MARQUES","MARQUES","SMALL",NULL,NULL,200,NULL,NULL,NULL
"MARTAINVILLEEPREVILLE","MARTAINVILLE-EPREVILLE","SMALL",NULL,NULL,700,NULL,NULL,NULL
"MARTIGNY","MARTIGNY","SMALL",NULL,NULL,500,NULL,NULL,NULL
"MARTINEGLISE","MARTIN-EGLISE","MEDIUM",NULL,NULL,1500,NULL,NULL,NULL
"MASSY","MASSY","SMALL",NULL,NULL,300,NULL,NULL,NULL
"MATHONVILLE","MATHONVILLE","SMALL",NULL,NULL,300,NULL,NULL,NULL
"MAUCOMBLE","MAUCOMBLE","SMALL",NULL,NULL,300,NULL,NULL,NULL
"MAULEVRIERSAINTEGERTRUDE","MAULEVRIER-SAINTE-GERTRUDE","SMALL",NULL,NULL,900,NULL,NULL,NULL
"MAUNY","MAUNY","SMALL",NULL,NULL,200,NULL,NULL,NULL
"MAUQUENCHY","MAUQUENCHY","SMALL",NULL,NULL,300,NULL,NULL,NULL
"MELAMARE","MELAMARE","SMALL",NULL,NULL,800,NULL,NULL,NULL
"MELLEVILLE","MELLEVILLE","SMALL",NULL,NULL,300,NULL,NULL,NULL
"MENERVAL","MENERVAL","SMALL",NULL,NULL,200,NULL,NULL,NULL
"MENONVAL","MENONVAL","SMALL",NULL,NULL,200,NULL,NULL,NULL
"MENTHEVILLE","MENTHEVILLE","SMALL",NULL,NULL,200,NULL,NULL,NULL
"MESANGUEVILLE","MESANGUEVILLE","SMALL",NULL,NULL,200,NULL,NULL,NULL
"MESNIERESBRAY","MESNIERES-EN-BRAY","SMALL",NULL,NULL,900,NULL,NULL,NULL
"MESNILDURDENT","LE MESNIL-DURDENT","SMALL",NULL,NULL,0,NULL,NULL,NULL
"MESNILESNARD","LE MESNIL-ESNARD","MEDIUM",NULL,NULL,6900,NULL,NULL,NULL
"MESNILFOLLEMPRISE","MESNIL-FOLLEMPRISE","SMALL",NULL,NULL,100,NULL,NULL,NULL
"MESNILLIEUBRAY","LE MESNIL-LIEUBRAY","SMALL",NULL,NULL,100,NULL,NULL,NULL
"MESNILMAUGER","MESNIL-MAUGER","SMALL",NULL,NULL,200,NULL,NULL,NULL
"MESNILPANNEVILLE","MESNIL-PANNEVILLE","SMALL",NULL,NULL,700,NULL,NULL,NULL
"MESNILRAOUL","MESNIL-RAOUL","SMALL",NULL,NULL,900,NULL,NULL,NULL
"MESNILREAUME","LE MESNIL-REAUME","SMALL",NULL,NULL,600,NULL,NULL,NULL
"MESNILSOUSJUMIEGES","LE MESNIL-SOUS-JUMIEGES","SMALL",NULL,NULL,600,NULL,NULL,NULL
"MEULERS","MEULERS","SMALL",NULL,NULL,600,NULL,NULL,NULL
"MILLEBOSC","MILLEBOSC","SMALL",NULL,NULL,300,NULL,NULL,NULL
"MIRVILLE","MIRVILLE","SMALL",NULL,NULL,300,NULL,NULL,NULL
"MOLAGNIES","MOLAGNIES","SMALL",NULL,NULL,200,NULL,NULL,NULL
"MONCHAUXSORENG","MONCHAUX-SORENG","SMALL",NULL,NULL,600,NULL,NULL,NULL
"MONCHYSUREU","MONCHY-SUR-EU","SMALL",NULL,NULL,600,NULL,NULL,NULL
"MONTCAUVAIRE","MONT-CAUVAIRE","SMALL",NULL,NULL,600,NULL,NULL,NULL
"MONTEROLIER","MONTEROLIER","SMALL",NULL,NULL,500,NULL,NULL,NULL
"MONTIGNY","MONTIGNY","MEDIUM",NULL,NULL,1200,NULL,NULL,NULL
"MONTIVILLIERS","MONTIVILLIERS","BIG",NULL,NULL,16500,NULL,NULL,NULL
"MONTMAIN","MONTMAIN","MEDIUM",NULL,NULL,1400,NULL,NULL,NULL
"MONTREUILCAUX","MONTREUIL-EN-CAUX","SMALL",NULL,NULL,500,NULL,NULL,NULL
"MONTROTY","MONTROTY","SMALL",NULL,NULL,300,NULL,NULL,NULL
"MONTSAINTAIGNAN","MONT-SAINT-AIGNAN","BIG",NULL,NULL,19700,NULL,NULL,NULL
"MONTVILLE","MONTVILLE","MEDIUM",NULL,NULL,4700,NULL,NULL,NULL
"MORGNYPOMMERAYE","MORGNY-LA-POMMERAYE","MEDIUM",NULL,NULL,1100,NULL,NULL,NULL
"MORIENNE","MORIENNE","SMALL",NULL,NULL,200,NULL,NULL,NULL
"MORTEMER","MORTEMER","SMALL",NULL,NULL,100,NULL,NULL,NULL
"MORVILLESURANDELLE","MORVILLE-SUR-ANDELLE","SMALL",NULL,NULL,300,NULL,NULL,NULL
"MOTTEVILLE","MOTTEVILLE","SMALL",NULL,NULL,800,NULL,NULL,NULL
"MOULINEAUX","MOULINEAUX","SMALL",NULL,NULL,900,NULL,NULL,NULL
"MUCHEDENT","MUCHEDENT","SMALL",NULL,NULL,100,NULL,NULL,NULL
"NESLEHODENG","NESLE-HODENG","SMALL",NULL,NULL,300,NULL,NULL,NULL
"NESLENORMANDEUSE","NESLE-NORMANDEUSE","SMALL",NULL,NULL,600,NULL,NULL,NULL
"NEUFBOSC","NEUFBOSC","SMALL",NULL,NULL,400,NULL,NULL,NULL
"NEUFCHATELBRAY","NEUFCHATEL-EN-BRAY","MEDIUM",NULL,NULL,4900,NULL,NULL,NULL
"NEUFMARCHE","NEUF-MARCHE","SMALL",NULL,NULL,700,NULL,NULL,NULL
"NEUVILLEFERRIERES","NEUVILLE-FERRIERES","SMALL",NULL,NULL,600,NULL,NULL,NULL
"NEVILLE","NEVILLE","MEDIUM",NULL,NULL,1100,NULL,NULL,NULL
"NOINTOT","NOINTOT","MEDIUM",NULL,NULL,1300,NULL,NULL,NULL
"NOLLEVAL","NOLLEVAL","SMALL",NULL,NULL,400,NULL,NULL,NULL
"NORMANVILLE","NORMANVILLE","SMALL",NULL,NULL,600,NULL,NULL,NULL
"NORVILLE","NORVILLE","SMALL",NULL,NULL,900,NULL,NULL,NULL
"NOTREDAMEBEC","NOTRE-DAME-DU-BEC","SMALL",NULL,NULL,400,NULL,NULL,NULL
"NOTREDAMEBLIQUETUIT","NOTRE-DAME-DE-BLIQUETUIT","SMALL",NULL,NULL,700,NULL,NULL,NULL
"NOTREDAMEBONDEVILLE","NOTRE-DAME-DE-BONDEVILLE","MEDIUM",NULL,NULL,7100,NULL,NULL,NULL
"NOTREDAMEGRAVENCHON","NOTRE-DAME-DE-GRAVENCHON","MEDIUM",NULL,NULL,8200,NULL,NULL,NULL
"NOTREDAMEPARC","NOTRE-DAME-DU-PARC","SMALL",NULL,NULL,200,NULL,NULL,NULL
"NULLEMONT","NULLEMONT","SMALL",NULL,NULL,100,NULL,NULL,NULL
"OCQUEVILLE","OCQUEVILLE","SMALL",NULL,NULL,500,NULL,NULL,NULL
"OCTEVILLESURMER","OCTEVILLE-SUR-MER","MEDIUM",NULL,NULL,5700,NULL,NULL,NULL
"OFFRANVILLE","OFFRANVILLE","MEDIUM",NULL,NULL,3300,NULL,NULL,NULL
"OHERVILLE","OHERVILLE","SMALL",NULL,NULL,200,NULL,NULL,NULL
"OISSEL","OISSEL","BIG",NULL,NULL,11600,NULL,NULL,NULL
"OMONVILLE","OMONVILLE","SMALL",NULL,NULL,300,NULL,NULL,NULL
"ORIVAL","ORIVAL","SMALL",NULL,NULL,900,NULL,NULL,NULL
"OSMOYSAINTVALERY","OSMOY-SAINT-VALERY","SMALL",NULL,NULL,300,NULL,NULL,NULL
"OUAINVILLE","OUAINVILLE","SMALL",NULL,NULL,500,NULL,NULL,NULL
"OUDALLE","OUDALLE","SMALL",NULL,NULL,400,NULL,NULL,NULL
"OURVILLECAUX","OURVILLE-EN-CAUX","MEDIUM",NULL,NULL,1100,NULL,NULL,NULL
"OUVILLERIVIERE","OUVILLE-LA-RIVIERE","SMALL",NULL,NULL,600,NULL,NULL,NULL
"PALUEL","PALUEL","SMALL",NULL,NULL,500,NULL,NULL,NULL
"PAVILLY","PAVILLY","MEDIUM",NULL,NULL,6200,NULL,NULL,NULL
"PENLY","PENLY","SMALL",NULL,NULL,300,NULL,NULL,NULL
"PETITCOURONNE","PETIT-COURONNE","MEDIUM",NULL,NULL,9200,NULL,NULL,NULL
"PETITQUEVILLY","LE PETIT-QUEVILLY","BIG",NULL,NULL,21700,NULL,NULL,NULL
"PETIVILLE","PETIVILLE","MEDIUM",NULL,NULL,1100,NULL,NULL,NULL
"PIERRECOURT","PIERRECOURT","SMALL",NULL,NULL,500,NULL,NULL,NULL
"PIERREFIQUES","PIERREFIQUES","SMALL",NULL,NULL,100,NULL,NULL,NULL
"PIERREVAL","PIERREVAL","SMALL",NULL,NULL,400,NULL,NULL,NULL
"PISSYPOVILLE","PISSY-POVILLE","MEDIUM",NULL,NULL,1300,NULL,NULL,NULL
"PLEINESEVE","PLEINE-SEVE","SMALL",NULL,NULL,100,NULL,NULL,NULL
"POMMEREUX","POMMEREUX","SMALL",NULL,NULL,100,NULL,NULL,NULL
"POMMEREVAL","POMMEREVAL","SMALL",NULL,NULL,400,NULL,NULL,NULL
"PONTSETMARAIS","PONTS-ET-MARAIS","SMALL",NULL,NULL,800,NULL,NULL,NULL
"PREAUX","PREAUX","MEDIUM",NULL,NULL,1600,NULL,NULL,NULL
"PRETOTVICQUEMARE","PRETOT-VICQUEMARE","SMALL",NULL,NULL,200,NULL,NULL,NULL
"PREUSEVILLE","PREUSEVILLE","SMALL",NULL,NULL,100,NULL,NULL,NULL
"PUISENVAL","PUISENVAL","SMALL",NULL,NULL,0,NULL,NULL,NULL
"QUEVILLON","QUEVILLON","SMALL",NULL,NULL,600,NULL,NULL,NULL
"QUEVREVILLEPOTERIE","QUEVREVILLE-LA-POTERIE","SMALL",NULL,NULL,900,NULL,NULL,NULL
"QUIBERVILLE","QUIBERVILLE","SMALL",NULL,NULL,500,NULL,NULL,NULL
"QUIEVRECOURT","QUIEVRECOURT","SMALL",NULL,NULL,400,NULL,NULL,NULL
"QUINCAMPOIX","QUINCAMPOIX","MEDIUM",NULL,NULL,3100,NULL,NULL,NULL
"RAFFETOT","RAFFETOT","SMALL",NULL,NULL,500,NULL,NULL,NULL
"RAINFREVILLE","RAINFREVILLE","SMALL",NULL,NULL,100,NULL,NULL,NULL
"REALCAMP","REALCAMP","SMALL",NULL,NULL,700,NULL,NULL,NULL
"REBETS","REBETS","SMALL",NULL,NULL,100,NULL,NULL,NULL
"REMUEE","LA REMUEE","MEDIUM",NULL,NULL,1300,NULL,NULL,NULL
"RETONVAL","RETONVAL","SMALL",NULL,NULL,200,NULL,NULL,NULL
"REUVILLE","REUVILLE","SMALL",NULL,NULL,100,NULL,NULL,NULL
"RICARVILLE","RICARVILLE","SMALL",NULL,NULL,300,NULL,NULL,NULL
"RICARVILLEVAL","RICARVILLE-DU-VAL","SMALL",NULL,NULL,200,NULL,NULL,NULL
"RICHEMONT","RICHEMONT","SMALL",NULL,NULL,500,NULL,NULL,NULL
"RIEUX","RIEUX","SMALL",NULL,NULL,600,NULL,NULL,NULL
"RIVILLE","RIVILLE","SMALL",NULL,NULL,300,NULL,NULL,NULL
"ROBERTOT","ROBERTOT","SMALL",NULL,NULL,200,NULL,NULL,NULL
"ROCQUEFORT","ROCQUEFORT","SMALL",NULL,NULL,300,NULL,NULL,NULL
"ROCQUEMONT","ROCQUEMONT","SMALL",NULL,NULL,800,NULL,NULL,NULL
"ROGERVILLE","ROGERVILLE","MEDIUM",NULL,NULL,1300,NULL,NULL,NULL
"ROLLEVILLE","ROLLEVILLE","MEDIUM",NULL,NULL,1100,NULL,NULL,NULL
"RONCHEROLLESBRAY","RONCHEROLLES-EN-BRAY","SMALL",NULL,NULL,500,NULL,NULL,NULL
"RONCHEROLLESSURVIVIER","RONCHEROLLES-SUR-LE-VIVIER","MEDIUM",NULL,NULL,1100,NULL,NULL,NULL
"RONCHOIS","RONCHOIS","SMALL",NULL,NULL,200,NULL,NULL,NULL
"ROSAY","ROSAY","SMALL",NULL,NULL,300,NULL,NULL,NULL
"ROUEN","ROUEN","METRO",NULL,NULL,110700,NULL,NULL,NULL
"ROUMARE","ROUMARE","MEDIUM",NULL,NULL,1400,NULL,NULL,NULL
"ROUTES","ROUTES","SMALL",NULL,NULL,200,NULL,NULL,NULL
"ROUVILLE","ROUVILLE","SMALL",NULL,NULL,600,NULL,NULL,NULL
"ROUVRAYCATILLON","ROUVRAY-CATILLON","SMALL",NULL,NULL,200,NULL,NULL,NULL
"ROUXMESNILBOUTEILLES","ROUXMESNIL-BOUTEILLES","MEDIUM",NULL,NULL,2100,NULL,NULL,NULL
"ROYVILLE","ROYVILLE","SMALL",NULL,NULL,300,NULL,NULL,NULL
"RUESAINTPIERRE","LA RUE-SAINT-PIERRE","SMALL",NULL,NULL,700,NULL,NULL,NULL
"RY","RY","SMALL",NULL,NULL,800,NULL,NULL,NULL
"SAANESAINTJUST","SAANE-SAINT-JUST","SMALL",NULL,NULL,100,NULL,NULL,NULL
"SAHURS","SAHURS","MEDIUM",NULL,NULL,1300,NULL,NULL,NULL
"SAINNEVILLE","SAINNEVILLE","SMALL",NULL,NULL,800,NULL,NULL,NULL
"SAINTAIGNANSURRY","SAINT-AIGNAN-SUR-RY","SMALL",NULL,NULL,300,NULL,NULL,NULL
"SAINTANDRESURCAILLY","SAINT-ANDRE-SUR-CAILLY","SMALL",NULL,NULL,900,NULL,NULL,NULL
"SAINTANTOINEFORET","SAINT-ANTOINE-LA-FORET","SMALL",NULL,NULL,1000,NULL,NULL,NULL
"SAINTARNOULT","SAINT-ARNOULT","MEDIUM",NULL,NULL,1300,NULL,NULL,NULL
"SAINTAUBINCAUF","SAINT-AUBIN-LE-CAUF","SMALL",NULL,NULL,900,NULL,NULL,NULL
"SAINTAUBINCELLOVILLE","SAINT-AUBIN-CELLOVILLE","SMALL",NULL,NULL,1000,NULL,NULL,NULL
"SAINTAUBINCRETOT","SAINT-AUBIN-DE-CRETOT","SMALL",NULL,NULL,500,NULL,NULL,NULL
"SAINTAUBINELBEUF","SAINT-AUBIN-LES-ELBEUF","MEDIUM",NULL,NULL,8100,NULL,NULL,NULL
"SAINTAUBINEPINAY","SAINT-AUBIN-EPINAY","SMALL",NULL,NULL,900,NULL,NULL,NULL
"SAINTAUBINROUTOT","SAINT-AUBIN-ROUTOT","MEDIUM",NULL,NULL,1400,NULL,NULL,NULL
"SAINTAUBINSURMER","SAINT-AUBIN-SUR-MER","SMALL",NULL,NULL,300,NULL,NULL,NULL
"SAINTAUBINSURSCIE","SAINT-AUBIN-SUR-SCIE","MEDIUM",NULL,NULL,1200,NULL,NULL,NULL
"SAINTCLAIRSURMONTS","SAINT-CLAIR-SUR-LES-MONTS","SMALL",NULL,NULL,600,NULL,NULL,NULL
"SAINTCRESPIN","SAINT-CRESPIN","SMALL",NULL,NULL,300,NULL,NULL,NULL
"SAINTDENISSURSCIE","SAINT-DENIS-SUR-SCIE","SMALL",NULL,NULL,500,NULL,NULL,NULL
"SAINTDENISTHIBOULT","SAINT-DENIS-LE-THIBOULT","SMALL",NULL,NULL,500,NULL,NULL,NULL
"SAINTEADRESSE","SAINTE-ADRESSE","MEDIUM",NULL,NULL,7600,NULL,NULL,NULL
"SAINTEAUSTREBERTHE","SAINTE-AUSTREBERTHE","SMALL",NULL,NULL,600,NULL,NULL,NULL
"SAINTEBEUVERIVIERE","SAINTE-BEUVE-EN-RIVIERE","SMALL",NULL,NULL,200,NULL,NULL,NULL
"SAINTECOLOMBE","SAINTE-COLOMBE","SMALL",NULL,NULL,200,NULL,NULL,NULL
"SAINTECROIXSURBUCHY","SAINTE-CROIX-SUR-BUCHY","SMALL",NULL,NULL,700,NULL,NULL,NULL
"SAINTEFOY","SAINTE-FOY","SMALL",NULL,NULL,500,NULL,NULL,NULL
"SAINTEGENEVIEVE","SAINTE-GENEVIEVE","SMALL",NULL,NULL,300,NULL,NULL,NULL
"SAINTEHELENEBONDEVILLE","SAINTE-HELENE-BONDEVILLE","SMALL",NULL,NULL,700,NULL,NULL,NULL
"SAINTEMARGUERITESURDUCLAIR","SAINTE-MARGUERITE-SUR-DUCLAIR","MEDIUM",NULL,NULL,1800,NULL,NULL,NULL
"SAINTEMARGUERITESURFAUVILLE","SAINTE-MARGUERITE-SUR-FAUVILLE","SMALL",NULL,NULL,300,NULL,NULL,NULL
"SAINTEMARGUERITESURMER","SAINTE-MARGUERITE-SUR-MER","SMALL",NULL,NULL,500,NULL,NULL,NULL
"SAINTEMARIEAUBOSC","SAINTE-MARIE-AU-BOSC","SMALL",NULL,NULL,300,NULL,NULL,NULL
"SAINTEMARIEDESCHAMPS","SAINTE-MARIE-DES-CHAMPS","MEDIUM",NULL,NULL,1500,NULL,NULL,NULL
"SAINTETIENNEROUVRAY","SAINT-ETIENNE-DU-ROUVRAY","BIG",NULL,NULL,28300,NULL,NULL,NULL
"SAINTEUSTACHEFORET","SAINT-EUSTACHE-LA-FORET","MEDIUM",NULL,NULL,1100,NULL,NULL,NULL
"SAINTGEORGESSURFONTAINE","SAINT-GEORGES-SUR-FONTAINE","SMALL",NULL,NULL,900,NULL,NULL,NULL
"SAINTGERMAINDESESSOURTS","SAINT-GERMAIN-DES-ESSOURTS","SMALL",NULL,NULL,400,NULL,NULL,NULL
"SAINTGERMAINSOUSCAILLY","SAINT-GERMAIN-SOUS-CAILLY","SMALL",NULL,NULL,300,NULL,NULL,NULL
"SAINTGERMAINSUREAULNE","SAINT-GERMAIN-SUR-EAULNE","SMALL",NULL,NULL,200,NULL,NULL,NULL
"SAINTGILLESCRETOT","SAINT-GILLES-DE-CRETOT","SMALL",NULL,NULL,400,NULL,NULL,NULL
"SAINTGILLESDENEUVILLE","SAINT-GILLES-DE-LA-NEUVILLE","SMALL",NULL,NULL,600,NULL,NULL,NULL
"SAINTHELLIER","SAINT-HELLIER","SMALL",NULL,NULL,400,NULL,NULL,NULL
"SAINTHONORE","SAINT-HONORE","SMALL",NULL,NULL,200,NULL,NULL,NULL
"SAINTJACQUESSURDARNETAL","SAINT-JACQUES-SUR-DARNETAL","MEDIUM",NULL,NULL,2600,NULL,NULL,NULL
"SAINTJEANCARDONNAY","SAINT-JEAN-DU-CARDONNAY","MEDIUM",NULL,NULL,1300,NULL,NULL,NULL
"SAINTJEANDENEUVILLE","SAINT-JEAN-DE-LA-NEUVILLE","SMALL",NULL,NULL,600,NULL,NULL,NULL
"SAINTJEANFOLLEVILLE","SAINT-JEAN-DE-FOLLEVILLE","SMALL",NULL,NULL,800,NULL,NULL,NULL
"SAINTJOUINBRUNEVAL","SAINT-JOUIN-BRUNEVAL","MEDIUM",NULL,NULL,1800,NULL,NULL,NULL
"SAINTLAURENTBREVEDENT","SAINT-LAURENT-DE-BREVEDENT","MEDIUM",NULL,NULL,1400,NULL,NULL,NULL
"SAINTLAURENTCAUX","SAINT-LAURENT-EN-CAUX","SMALL",NULL,NULL,800,NULL,NULL,NULL
"SAINTLEGERAUXBOIS","SAINT-LEGER-AUX-BOIS","SMALL",NULL,NULL,500,NULL,NULL,NULL
"SAINTLEGERBOURGDENIS","SAINT-LEGER-DU-BOURG-DENIS","MEDIUM",NULL,NULL,3400,NULL,NULL,NULL
"SAINTLEONARD","SAINT-LEONARD","MEDIUM",NULL,NULL,1800,NULL,NULL,NULL
"SAINTMACLOUBRIERE","SAINT-MACLOU-LA-BRIERE","SMALL",NULL,NULL,500,NULL,NULL,NULL
"SAINTMACLOUFOLLEVILLE","SAINT-MACLOU-DE-FOLLEVILLE","SMALL",NULL,NULL,600,NULL,NULL,NULL
"SAINTMARDS","SAINT-MARDS","SMALL",NULL,NULL,200,NULL,NULL,NULL
"SAINTMARTINAUBOSC","SAINT-MARTIN-AU-BOSC","SMALL",NULL,NULL,200,NULL,NULL,NULL
"SAINTMARTINAUXARBRES","SAINT-MARTIN-AUX-ARBRES","SMALL",NULL,NULL,300,NULL,NULL,NULL
"SAINTMARTINAUXBUNEAUX","SAINT-MARTIN-AUX-BUNEAUX","SMALL",NULL,NULL,700,NULL,NULL,NULL
"SAINTMARTINBEC","SAINT-MARTIN-DU-BEC","SMALL",NULL,NULL,600,NULL,NULL,NULL
"SAINTMARTINBOSCHERVILLE","SAINT-MARTIN-DE-BOSCHERVILLE","MEDIUM",NULL,NULL,1400,NULL,NULL,NULL
"SAINTMARTINCAMPAGNE","SAINT-MARTIN-EN-CAMPAGNE","MEDIUM",NULL,NULL,1300,NULL,NULL,NULL
"SAINTMARTINGAILLARD","SAINT-MARTIN-LE-GAILLARD","SMALL",NULL,NULL,300,NULL,NULL,NULL
"SAINTMARTINMANOIR","SAINT-MARTIN-DU-MANOIR","MEDIUM",NULL,NULL,1500,NULL,NULL,NULL
"SAINTMARTINOSMONVILLE","SAINT-MARTIN-OSMONVILLE","MEDIUM",NULL,NULL,1100,NULL,NULL,NULL
"SAINTMARTINVIVIER","SAINT-MARTIN-DU-VIVIER","MEDIUM",NULL,NULL,1800,NULL,NULL,NULL
"SAINTNICOLASBLIQUETUIT","SAINT-NICOLAS-DE-BLIQUETUIT","SMALL",NULL,NULL,600,NULL,NULL,NULL
"SAINTNICOLASDEHAIE","SAINT-NICOLAS-DE-LA-HAIE","SMALL",NULL,NULL,400,NULL,NULL,NULL
"SAINTNICOLASDETAILLE","SAINT-NICOLAS-DE-LA-TAILLE","MEDIUM",NULL,NULL,1400,NULL,NULL,NULL
"SAINTOUENBREUIL","SAINT-OUEN-DU-BREUIL","SMALL",NULL,NULL,800,NULL,NULL,NULL
"SAINTOUENMAUGER","SAINT-OUEN-LE-MAUGER","SMALL",NULL,NULL,200,NULL,NULL,NULL
"SAINTOUENSOUSBAILLY","SAINT-OUEN-SOUS-BAILLY","SMALL",NULL,NULL,200,NULL,NULL,NULL
"SAINTPAER","SAINT-PAER","MEDIUM",NULL,NULL,1200,NULL,NULL,NULL
"SAINTPIERREBENOUVILLE","SAINT-PIERRE-BENOUVILLE","SMALL",NULL,NULL,300,NULL,NULL,NULL
"SAINTPIERREDESJONQUIERES","SAINT-PIERRE-DES-JONQUIERES","SMALL",NULL,NULL,100,NULL,NULL,NULL
"SAINTPIERREELBEUF","SAINT-PIERRE-LES-ELBEUF","MEDIUM",NULL,NULL,8500,NULL,NULL,NULL
"SAINTPIERRELAVIS","SAINT-PIERRE-LAVIS","SMALL",NULL,NULL,200,NULL,NULL,NULL
"SAINTPIERREMANNEVILLE","SAINT-PIERRE-DE-MANNEVILLE","SMALL",NULL,NULL,700,NULL,NULL,NULL
"SAINTPIERREPORT","SAINT-PIERRE-EN-PORT","SMALL",NULL,NULL,800,NULL,NULL,NULL
"SAINTPIERREVAL","SAINT-PIERRE-EN-VAL","MEDIUM",NULL,NULL,1100,NULL,NULL,NULL
"SAINTPIERREVARENGEVILLE","SAINT-PIERRE-DE-VARENGEVILLE","MEDIUM",NULL,NULL,2200,NULL,NULL,NULL
"SAINTPIERREVIEUX","SAINT-PIERRE-LE-VIEUX","SMALL",NULL,NULL,200,NULL,NULL,NULL
"SAINTPIERREVIGER","SAINT-PIERRE-LE-VIGER","SMALL",NULL,NULL,300,NULL,NULL,NULL
"SAINTQUENTINAUBOSC","SAINT-QUENTIN-AU-BOSC","SMALL",NULL,NULL,100,NULL,NULL,NULL
"SAINTREMYBOSCROCOURT","SAINT-REMY-BOSCROCOURT","SMALL",NULL,NULL,800,NULL,NULL,NULL
"SAINTRIQUIERESPLAINS","SAINT-RIQUIER-ES-PLAINS","SMALL",NULL,NULL,600,NULL,NULL,NULL
"SAINTRIQUIERRIVIERE","SAINT-RIQUIER-EN-RIVIERE","SMALL",NULL,NULL,200,NULL,NULL,NULL
"SAINTROMAINCOLBOSC","SAINT-ROMAIN-DE-COLBOSC","MEDIUM",NULL,NULL,3800,NULL,NULL,NULL
"SAINTSAENS","SAINT-SAENS","MEDIUM",NULL,NULL,2500,NULL,NULL,NULL
"SAINTSAIRE","SAINT-SAIRE","SMALL",NULL,NULL,600,NULL,NULL,NULL
"SAINTSYLVAIN","SAINT-SYLVAIN","SMALL",NULL,NULL,200,NULL,NULL,NULL
"SAINTVAASTDIEPPEDALLE","SAINT-VAAST-DIEPPEDALLE","SMALL",NULL,NULL,300,NULL,NULL,NULL
"SAINTVAASTVAL","SAINT-VAAST-DU-VAL","SMALL",NULL,NULL,400,NULL,NULL,NULL
"SAINTVALERYCAUX","SAINT-VALERY-EN-CAUX","MEDIUM",NULL,NULL,4500,NULL,NULL,NULL
"SAINTVINCENTCRAMESNIL","SAINT-VINCENT-CRAMESNIL","SMALL",NULL,NULL,600,NULL,NULL,NULL
"SAINTWANDRILLERANCON","SAINT-WANDRILLE-RANCON","MEDIUM",NULL,NULL,1200,NULL,NULL,NULL
"SANDOUVILLE","SANDOUVILLE","SMALL",NULL,NULL,800,NULL,NULL,NULL
"SASSETOTMALGARDE","SASSETOT-LE-MALGARDE","SMALL",NULL,NULL,100,NULL,NULL,NULL
"SASSETOTMAUCONDUIT","SASSETOT-LE-MAUCONDUIT","SMALL",NULL,NULL,1000,NULL,NULL,NULL
"SASSEVILLE","SASSEVILLE","SMALL",NULL,NULL,300,NULL,NULL,NULL
"SAUCHAY","SAUCHAY","SMALL",NULL,NULL,400,NULL,NULL,NULL
"SAUMONTPOTERIE","SAUMONT-LA-POTERIE","SMALL",NULL,NULL,400,NULL,NULL,NULL
"SAUQUEVILLE","SAUQUEVILLE","SMALL",NULL,NULL,400,NULL,NULL,NULL
"SAUSSAY","SAUSSAY","SMALL",NULL,NULL,300,NULL,NULL,NULL
"SAUSSEUZEMARECAUX","SAUSSEUZEMARE-EN-CAUX","SMALL",NULL,NULL,400,NULL,NULL,NULL
"SENNEVILLESURFECAMP","SENNEVILLE-SUR-FECAMP","SMALL",NULL,NULL,800,NULL,NULL,NULL
"SEPTMEULES","SEPT-MEULES","SMALL",NULL,NULL,200,NULL,NULL,NULL
"SERQUEUX","SERQUEUX","SMALL",NULL,NULL,1000,NULL,NULL,NULL
"SERVAVILLESALMONVILLE","SERVAVILLE-SALMONVILLE","MEDIUM",NULL,NULL,1100,NULL,NULL,NULL
"SEVIS","SEVIS","SMALL",NULL,NULL,300,NULL,NULL,NULL
"SIERVILLE","SIERVILLE","SMALL",NULL,NULL,900,NULL,NULL,NULL
"SIGYBRAY","SIGY-EN-BRAY","SMALL",NULL,NULL,700,NULL,NULL,NULL
"SMERMESNIL","SMERMESNIL","SMALL",NULL,NULL,400,NULL,NULL,NULL
"SOMMERY","SOMMERY","SMALL",NULL,NULL,800,NULL,NULL,NULL
"SOMMESNIL","SOMMESNIL","SMALL",NULL,NULL,100,NULL,NULL,NULL
"SORQUAINVILLE","SORQUAINVILLE","SMALL",NULL,NULL,200,NULL,NULL,NULL
"SOTTEVILLEROUEN","SOTTEVILLE-LES-ROUEN","BIG",NULL,NULL,29300,NULL,NULL,NULL
"SOTTEVILLESOUSVAL","SOTTEVILLE-SOUS-LE-VAL","SMALL",NULL,NULL,800,NULL,NULL,NULL
"SOTTEVILLESURMER","SOTTEVILLE-SUR-MER","SMALL",NULL,NULL,400,NULL,NULL,NULL
"TANCARVILLE","TANCARVILLE","MEDIUM",NULL,NULL,1300,NULL,NULL,NULL
"THEROULDEVILLE","THEROULDEVILLE","SMALL",NULL,NULL,600,NULL,NULL,NULL
"THEUVILLEAUXMAILLOTS","THEUVILLE-AUX-MAILLOTS","SMALL",NULL,NULL,500,NULL,NULL,NULL
"THIERGEVILLE","THIERGEVILLE","SMALL",NULL,NULL,400,NULL,NULL,NULL
"THIETREVILLE","THIETREVILLE","SMALL",NULL,NULL,400,NULL,NULL,NULL
"THILMANNEVILLE","THIL-MANNEVILLE","SMALL",NULL,NULL,500,NULL,NULL,NULL
"THILRIBERPRE","LE THIL-RIBERPRE","SMALL",NULL,NULL,200,NULL,NULL,NULL
"THIOUVILLE","THIOUVILLE","SMALL",NULL,NULL,300,NULL,NULL,NULL
"TILLEUL","LE TILLEUL","SMALL",NULL,NULL,700,NULL,NULL,NULL
"TOCQUEVILLECAUX","TOCQUEVILLE-EN-CAUX","SMALL",NULL,NULL,100,NULL,NULL,NULL
"TOCQUEVILLEMURS","TOCQUEVILLE-LES-MURS","SMALL",NULL,NULL,300,NULL,NULL,NULL
"TOCQUEVILLESUREU","TOCQUEVILLE-SUR-EU","SMALL",NULL,NULL,200,NULL,NULL,NULL
"TORCYGRAND","TORCY-LE-GRAND","SMALL",NULL,NULL,700,NULL,NULL,NULL
"TORCYPETIT","TORCY-LE-PETIT","SMALL",NULL,NULL,500,NULL,NULL,NULL
"TORPMESNIL","LE TORP-MESNIL","SMALL",NULL,NULL,300,NULL,NULL,NULL
"TOTES","TOTES","MEDIUM",NULL,NULL,1400,NULL,NULL,NULL
"TOUFFREVILLECABLE","TOUFFREVILLE-LA-CABLE","SMALL",NULL,NULL,400,NULL,NULL,NULL
"TOUFFREVILLECORBELINE","TOUFFREVILLE-LA-CORBELINE","SMALL",NULL,NULL,800,NULL,NULL,NULL
"TOUFFREVILLESUREU","TOUFFREVILLE-SUR-EU","SMALL",NULL,NULL,200,NULL,NULL,NULL
"TOURVILLECHAPELLE","TOURVILLE-LA-CHAPELLE","SMALL",NULL,NULL,500,NULL,NULL,NULL
"TOURVILLEIFS","TOURVILLE-LES-IFS","SMALL",NULL,NULL,500,NULL,NULL,NULL
"TOURVILLERIVIERE","TOURVILLE-LA-RIVIERE","MEDIUM",NULL,NULL,2400,NULL,NULL,NULL
"TOURVILLESURARQUES","TOURVILLE-SUR-ARQUES","MEDIUM",NULL,NULL,1200,NULL,NULL,NULL
"TOUSSAINT","TOUSSAINT","SMALL",NULL,NULL,700,NULL,NULL,NULL
"TRAIT","LE TRAIT","MEDIUM",NULL,NULL,5300,NULL,NULL,NULL
"TREMAUVILLE","TREMAUVILLE","SMALL",NULL,NULL,100,NULL,NULL,NULL
"TREPORT","LE TREPORT","MEDIUM",NULL,NULL,5400,NULL,NULL,NULL
"TRINITEMONT","LA TRINITE-DU-MONT","SMALL",NULL,NULL,700,NULL,NULL,NULL
"TRIQUERVILLE","TRIQUERVILLE","SMALL",NULL,NULL,400,NULL,NULL,NULL
"TROISPIERRES","LES TROIS-PIERRES","SMALL",NULL,NULL,700,NULL,NULL,NULL
"TROUVILLE","TROUVILLE","SMALL",NULL,NULL,600,NULL,NULL,NULL
"TURRETOT","TURRETOT","MEDIUM",NULL,NULL,1500,NULL,NULL,NULL
"VALDEHAYE","VAL-DE-LA-HAYE","SMALL",NULL,NULL,700,NULL,NULL,NULL
"VALLIQUERVILLE","VALLIQUERVILLE","MEDIUM",NULL,NULL,1300,NULL,NULL,NULL
"VALMONT","VALMONT","SMALL",NULL,NULL,1000,NULL,NULL,NULL
"VALSAANE","VAL-DE-SAANE","MEDIUM",NULL,NULL,1400,NULL,NULL,NULL
"VARENGEVILLESURMER","VARENGEVILLE-SUR-MER","SMALL",NULL,NULL,1000,NULL,NULL,NULL
"VARNEVILLEBRETTEVILLE","VARNEVILLE-BRETTEVILLE","SMALL",NULL,NULL,300,NULL,NULL,NULL
"VASSONVILLE","VASSONVILLE","SMALL",NULL,NULL,400,NULL,NULL,NULL
"VATIERVILLE","VATIERVILLE","SMALL",NULL,NULL,100,NULL,NULL,NULL
"VATTETOTSOUSBEAUMONT","VATTETOT-SOUS-BEAUMONT","SMALL",NULL,NULL,500,NULL,NULL,NULL
"VATTETOTSURMER","VATTETOT-SUR-MER","SMALL",NULL,NULL,300,NULL,NULL,NULL
"VATTEVILLERUE","VATTEVILLE-LA-RUE","MEDIUM",NULL,NULL,1100,NULL,NULL,NULL
"VAUPALIERE","LA VAUPALIERE","SMALL",NULL,NULL,1000,NULL,NULL,NULL
"VEAUVILLEBAONS","VEAUVILLE-LES-BAONS","SMALL",NULL,NULL,700,NULL,NULL,NULL
"VEAUVILLEQUELLES","VEAUVILLE-LES-QUELLES","SMALL",NULL,NULL,100,NULL,NULL,NULL
"VENESTANVILLE","VENESTANVILLE","SMALL",NULL,NULL,200,NULL,NULL,NULL
"VENTESSAINTREMY","VENTES-SAINT-REMY","SMALL",NULL,NULL,200,NULL,NULL,NULL
"VERGETOT","VERGETOT","SMALL",NULL,NULL,400,NULL,NULL,NULL
"VEULESROSES","VEULES-LES-ROSES","SMALL",NULL,NULL,600,NULL,NULL,NULL
"VEULETTESSURMER","VEULETTES-SUR-MER","SMALL",NULL,NULL,300,NULL,NULL,NULL
"VIBEUF","VIBEUF","SMALL",NULL,NULL,600,NULL,NULL,NULL
"VIEUXMANOIR","VIEUX-MANOIR","SMALL",NULL,NULL,700,NULL,NULL,NULL
"VIEUXROUENSURBRESLE","VIEUX-ROUEN-SUR-BRESLE","SMALL",NULL,NULL,700,NULL,NULL,NULL
"VIEUXRUE","LA VIEUX-RUE","SMALL",NULL,NULL,500,NULL,NULL,NULL
"VILLAINVILLE","VILLAINVILLE","SMALL",NULL,NULL,300,NULL,NULL,NULL
"VILLEQUIER","VILLEQUIER","SMALL",NULL,NULL,800,NULL,NULL,NULL
"VILLERSECALLES","VILLERS-ECALLES","MEDIUM",NULL,NULL,1800,NULL,NULL,NULL
"VILLERSSOUSFOUCARMONT","VILLERS-SOUS-FOUCARMONT","SMALL",NULL,NULL,200,NULL,NULL,NULL
"VILLYSURYERES","VILLY-SUR-YERES","SMALL",NULL,NULL,200,NULL,NULL,NULL
"VINNEMERVILLE","VINNEMERVILLE","SMALL",NULL,NULL,200,NULL,NULL,NULL
"VIRVILLE","VIRVILLE","SMALL",NULL,NULL,300,NULL,NULL,NULL
"VITTEFLEUR","VITTEFLEUR","SMALL",NULL,NULL,600,NULL,NULL,NULL
"WANCHYCAPVAL","WANCHY-CAPVAL","SMALL",NULL,NULL,300,NULL,NULL,NULL
"YAINVILLE","YAINVILLE","MEDIUM",NULL,NULL,1100,NULL,NULL,NULL
"YEBLERON","YEBLERON","MEDIUM",NULL,NULL,1400,NULL,NULL,NULL
"YERVILLE","YERVILLE","MEDIUM",NULL,NULL,2300,NULL,NULL,NULL
"YMARE","YMARE","MEDIUM",NULL,NULL,1100,NULL,NULL,NULL
"YPORT","YPORT","SMALL",NULL,NULL,900,NULL,NULL,NULL
"YPREVILLEBIVILLE","YPREVILLE-BIVILLE","SMALL",NULL,NULL,500,NULL,NULL,NULL
"YQUEBEUF","YQUEBEUF","SMALL",NULL,NULL,200,NULL,NULL,NULL
"YVECRIQUE","YVECRIQUE","SMALL",NULL,NULL,700,NULL,NULL,NULL
"YVETOT","YVETOT","BIG",NULL,NULL,11900,NULL,NULL,NULL
"YVILLESURSEINE","YVILLE-SUR-SEINE","SMALL",NULL,NULL,500,NULL,NULL,NULL
